<?xml version="1.0" encoding="UTF-8"?>
<!DOCTYPE generatorConfiguration
        PUBLIC "-//mybatis.org//DTD MyBatis Generator Configuration 1.0//EN"
        "http://mybatis.org/dtd/mybatis-generator-config_1_0.dtd">

<generatorConfiguration>


    <context id="DB2Tables" targetRuntime="MyBatis3">
        <commentGenerator>
            <!--除去自动生成的注释等-->
            <property name="suppressDate" value="true"/>
            <property name="suppressAllComments" value="true" />
        </commentGenerator>
        <!--数据库连接信息-->
        <jdbcConnection driverClass="com.mysql.jdbc.Driver"
                        connectionURL="jdbc:mysql://localhost:3306/video"
                        userId="root"
                        password="root">
        </jdbcConnection>
        <!--默认false，将JDBC DECIMAL 和 NUMERIC 类型解析为 Integer，为true时将JDBC DECIMAL 和 NUMERIC 类型解析为java.math.BigDecimal-->
        <javaTypeResolver >
            <property name="forceBigDecimals" value="false" />
        </javaTypeResolver>

        <!--targetPackage：生成pojo的位置-->
        <javaModelGenerator targetPackage="com.example.pojo" targetProject="src\main\java">
            <!--是否让schema作为包的后缀，schema为数据库名称，为true时相当于com.example.bean.appinfodb-->
            <property name="enableSubPackages" value="true" />
            <!--由数据库返回的数据被清理前后的空格-->
            <property name="trimStrings" value="true" />
        </javaModelGenerator>

        <!--mapper映射文件生成位置-->
        <sqlMapGenerator targetPackage="mapper"  targetProject="src\main\resources">
            <!--是否让schema作为包的后缀-->
            <property name="enableSubPackages" value="true" />
        </sqlMapGenerator>

        <!--mapper接口位置-->
        <javaClientGenerator type="XMLMAPPER" targetPackage="com.example.mapper"  targetProject="src\main\java">
            <property name="enableSubPackages" value="true" />
        </javaClientGenerator>

        <!--指定数据库表，schema代表database名称，enableCountByExample表示不生成对应的Example类-->
<!--        <table tableName="admins" domainObjectName="Admin"-->
<!--               enableCountByExample="false" enableUpdateByExample="false" enableDeleteByExample="false"-->
<!--               enableSelectByExample="false" selectByExampleQueryId="false">-->
<!--        </table>-->

    </context>
</generatorConfiguration>