<?xml version="1.0" encoding="UTF-8"?>
<!DOCTYPE mapper PUBLIC "-//mybatis.org//DTD Mapper 3.0//EN" "http://mybatis.org/dtd/mybatis-3-mapper.dtd">
<mapper namespace="com.example.mapper.CategoryMapper">
  <resultMap id="BaseResultMap" type="com.example.pojo.Category">
    <id column="id" jdbcType="INTEGER" property="id" />
    <result column="category_name" jdbcType="VARCHAR" property="categoryName" />
    <result column="pid" jdbcType="INTEGER" property="pid" />
  </resultMap>
  <sql id="Base_Column_List">
    id, category_name, pid
  </sql>
  <select id="selectByPrimaryKey" parameterType="java.lang.Integer" resultMap="BaseResultMap">
    select 
    <include refid="Base_Column_List" />
    from category
    where id = #{id,jdbcType=INTEGER}
  </select>
  <select id="selectByPid" parameterType="int" resultMap="BaseResultMap">
    select
    <include refid="Base_Column_List" />
    from category
    where pid = #{pid}
  </select>
  <select id="selectAll" parameterType="int" resultMap="BaseResultMap">
    select
    <include refid="Base_Column_List" />
    from category
  </select>

    <select id="selByNameWithLimit" resultType="com.example.pojo.Category">
      select * from category
      <where>
        <if test="param1 != null and param1 != ''">
          and category_name like concat('%',#{param1},'%')
        </if>
        <if test="param2 != null">
          and pid = #{param2}
        </if>
      </where>
      limit #{param3},#{param4}
    </select>
  <select id="selCountByName" resultType="java.lang.Integer">
    select count(*) from category
    <where>
      <if test="param1 != null and param1 != ''">
        and category_name like concat('%',#{param1},'%')
      </if>
      <if test="param2 != null">
        and pid = #{param2}
      </if>
    </where>
  </select>

  <delete id="deleteByPrimaryKey" parameterType="java.lang.Integer">
    delete from category
    where id = #{id,jdbcType=INTEGER}
  </delete>
  <insert id="insert" parameterType="com.example.pojo.Category">
    insert into category (id, category_name, pid
      )
    values (#{id,jdbcType=INTEGER}, #{categoryName,jdbcType=VARCHAR}, #{pid,jdbcType=INTEGER}
      )
  </insert>
  <insert id="insertSelective" parameterType="com.example.pojo.Category">
    insert into category
    <trim prefix="(" suffix=")" suffixOverrides=",">
      <if test="id != null">
        id,
      </if>
      <if test="categoryName != null">
        category_name,
      </if>
      <if test="pid != null">
        pid,
      </if>
    </trim>
    <trim prefix="values (" suffix=")" suffixOverrides=",">
      <if test="id != null">
        #{id,jdbcType=INTEGER},
      </if>
      <if test="categoryName != null">
        #{categoryName,jdbcType=VARCHAR},
      </if>
      <if test="pid != null">
        #{pid,jdbcType=INTEGER},
      </if>
    </trim>
  </insert>


<!--    <insert id="insCategory">-->
<!--      insert into video_category values-->
<!--      <foreach collection="list" separator="," item="vc" >-->
<!--        <if test="vc.categoryId != null and vc.categoryId != 0">-->
<!--          (#{vc.categoryId},#{vc.videoId})-->
<!--        </if>-->
<!--      </foreach>-->
<!--    </insert>-->


    <update id="updateByPrimaryKeySelective" parameterType="com.example.pojo.Category">
    update category
    <set>
      <if test="categoryName != null">
        category_name = #{categoryName,jdbcType=VARCHAR},
      </if>
      <if test="pid != null">
        pid = #{pid,jdbcType=INTEGER},
      </if>
    </set>
    where id = #{id,jdbcType=INTEGER}
  </update>
  <update id="updateByPrimaryKey" parameterType="com.example.pojo.Category">
    update category
    set category_name = #{categoryName,jdbcType=VARCHAR},
      pid = #{pid,jdbcType=INTEGER}
    where id = #{id,jdbcType=INTEGER}
  </update>
</mapper>